"geo_id",city,state,"postal_code"
"79f25ba8335d70d3f365401dff1e50c4",Berlin,Berlin,"12355"
"491eaf631f349d563220f493f8de472b",Berlin,Berlin,"12557"
"b553fdbdd47ba9d61d8ccb4291b74b8d",Berlin,Berlin,"13591"
"01f760f95698c8af751ccaf9e7d797f3",Berlin,Berlin,"12681"
"6f6e18d5bf9a17802dbeac226cfc33d9",Berlin,Berlin,"13156"
"1db35ec864c69e8fc36786ee63d1e6bf",Berlin,Berlin,"10551"
"7dd3dfb75210c390bfe422573e06accf",Berlin,Berlin,"14053"
"9fb8ae577d756beac4575265c08c3966",Berlin,Berlin,"13407"
"033469426069a4e79f769783298aff02",Berlin,Berlin,"12055"
"ffa572b76389cdaea7fc688e19bc024b",Berlin,Berlin,"13051"
"b61cf8ad63f1be0b5233af9502221e03",Berlin,Berlin,"10317"
"e565a4c59ce1bface6618aa901d290b5",Berlin,Berlin,"14089"
"7d26fd05b518ed1779f4f374c8d3e17a",Berlin,Berlin,"13629"
"a27ab79c988e01e49b505eaa70f57b4d",Berlin,Berlin,"12169"
"558a733a52d4e0b28ebd0c934f80417b",Berlin,Berlin,"12053"
"35d36f78fac14b7170fa3603fc344228",Berlin,Berlin,"10365"
"4def5a1569fbe767776a6a57669cd088",Berlin,Berlin,"14199"
"ea0448c1c1ac28c9cd98ce37599cdf98",Berlin,Berlin,"10119"
"9b7fc2d5082ccb249da4ee30790bdd14",Berlin,Berlin,"10249"
"ec6bc1f97043c6d678884b53eac988dd",Berlin,Berlin,"10367"
"1640578c1e9336f8ecf608c444bd7fb4",Berlin,Berlin,"13353"
"859225d2c78b26030d557d53e5678594",Berlin,Berlin,"10785"
"c245a6ee36cd92aee4c2f6c98a7bd0ff",Berlin,Berlin,"13359"
"e051ec7d29e918210ebcaf8894b5c1dd",Berlin,Berlin,"12043"
"fd18062905cb51169d2d7d85228024ea",Berlin,Berlin,"13158"
"bfd3d76dd8ebad538054645dc0e2aa31",Berlin,Berlin,"12309"
"928aee72c3acbb9e34fa4312b23115b0",Berlin,Berlin,"12349"
"d3304c0cfe89d3496bad9f6d65fbe06a",Berlin,Berlin,"12357"
"ba42dbc0fd4b84e5bb13dc733eefbd0a",Berlin,Berlin,"10963"
"540c57ad60c5606cb113cdd18150ea33",Berlin,Berlin,"10713"
"0afaa1a3adfbccdb0dece038e21cc8c5",Berlin,Berlin,"13349"
"ca134c3125a91271780330fa3627bb09",Berlin,Berlin,"10585"
"e3ddf87fed5a7707a80f5315a290d845",Berlin,Berlin,"10777"
"1b2c394989667f57a9e057a7e23c973a",Gosen-Neu Zittau,Berlin,"15537"
"8cd793df26806fdeba09ee327c7a68be",Berlin,Berlin,"12435"
"f3f45b4340f9690d4ce0e7ae919a2413",Berlin,Berlin,"12487"
"ac6a533d084387ea9d4f2b11fcf5932e",Berlin,Berlin,"12683"
"a69bdd87b1fbf5e8b47b0eb0e8e21b2d",Berlin,Berlin,"12203"
"356da1843d36a0bb876e37bf8356537f",Berlin,Berlin,"14197"
"80b27f9012abcbf8a5a454ad57abb4c2",Berlin,Berlin,"12587"
"1bf20f863affcccae18fe00718240a7c",Berlin,Berlin,"12161"
"6aa3b0bc71c18a4993f47524fe66b1fc",Berlin,Berlin,"12629"
"17380d98bbc55bd035c36a62eaa6a74e",Berlin,Berlin,"10829"
"e62d0638dbd71d2104598bf93f52b1d3",Berlin,Berlin,"10178"
"1da7c6b33017507ec6dbc25cbc0eaf42",Berlin,Berlin,"12159"
"3ea593538db6fd98d608254749416ccc",Bad Salzungen,Berlin,"36469"
"e1faaed38924ca18476414f2eeae2f0e",Berlin,Berlin,"14195"
"1f54bb13af33078e7cc308a76ef9da80",Berlin,Berlin,"12277"
"8c07b8147c5a34e22de36610c7a91305",Berlin,Berlin,"12305"
"788f9931efd15e5f19244cb29fde2250",Berlin,Berlin,"12205"
"e33b08b2e2ded0531fddfef76fbed9a6",Berlin,Berlin,"12627"
"73db9372c1b60e74188793fd971186f1",Berlin,Berlin,"13587"
"7f75cd327a396ebc38598c73c402ac8a",Berlin,Berlin,"10559"
"d5224e4affbd0fa3f5926b1d6edc5a60",Berlin,Berlin,"12167"
"7b39bbdc09e98572566649e2969dd220",Berlin,Berlin,"10623"
"289b12b807f004d833d2fd2e56881c55",Berlin,Berlin,"13405"
"1edfa1a68e73633b4950d7b98e07d0f0",Berlin,Berlin,"10629"
"1536b7b58eb1eedb62557e554433f102",Woltersdorf,Berlin,"15569"
"e908fab4ad8ad0a3156cd2aeef3b35f7",Berlin,Berlin,"13125"
"04faece22d8136380c0ec2b0c01c9d3b",Berlin,Berlin,"13127"
"8c1743908f9cb7505e7072b2929629ed",Berlin,Berlin,"10969"
"cd2734dbc9cb17c150dab9f1114b8432",Berlin,Berlin,"13187"
"52df30e53712b2d55a81c83238299ea0",Berlin,Berlin,"10318"
"2b2e59976ba719af31feb7aa776de004",Berlin,Berlin,"14129"
"9386afe7d473f9c3185bc256dd0a762a",Berlin,Berlin,"13086"
"b0a9333131b02eeb938a273603516ce6",Berlin,Berlin,"14167"
"60640dc708039eb9f1d89e9bcd4158e7",Berlin,Berlin,"12459"
"c8af543f598e8d7c5dbc611f30ce7d1d",Berlin,Berlin,"13627"
"81dbc7d7027e781103690d7ef0066a25",Berlin,Berlin,"12105"
"6eb75470e40be28d3d7731db2c63f781",Berlin,Berlin,"12059"
"ec9e300a1fc1d286c9ab09ee35db1a99",Berlin,Berlin,"10435"
"fd354187e995926a193816a21c1edd6c",Berlin,Berlin,"10319"
"f54b638f004b2e3b4b2458a8a274d2e7",Berlin,Berlin,"12359"
"aaee6634d9f8bd2eb7eb69c8d856af7a",Berlin,Berlin,"10315"
"63d7ddb9c27f4fad114b1a378816d6d4",Berlin,Berlin,"10967"
"41a21e9f8e3e101eb8c5307219bf0e53",Berlin,Berlin,"12621"
"e9f7ad595fe814ac53d308dfad7d3693",Berlin,Berlin,"14055"
"26a6a3207bbe0c210d506d6db6c51531",Berlin,Berlin,"13467"
"c2f36c4b4c9f65b79a9d9ad610df9da1",Berlin,Berlin,"10405"
"6d9df08cb4b1e4f96a44c9dbb59b98b7",Berlin,Berlin,"13509"
"45e19e6fdbf862956d8539fbe1cd23c7",Berlin,Berlin,"13595"
"d4ac7c5766ca83246743038adb06ee54",Berlin,Berlin,"10439"
"5b21443af2299f3758d11b3b8fb0c79b",Eichwalde,Berlin,"15732"
"6217f265c4f4008e50eb9815fa33ed94",Berlin,Berlin,"13435"
"7819f49f8c0fd1949f9c668b378566af",Berlin,Berlin,"13583"
"504366c93edb57026e79ba1460043a67",Berlin,Berlin,"14165"
"768f43f0ecef99bc13f34ae2b342ad5b",Berlin,Berlin,"14163"
"05ecc5c1847ac69ee116f0f1cc8a781d",Berlin,Berlin,"10437"
"6ef904c8b5ae835f05feda501e401a83",Berlin,Berlin,"10553"
"ebba85d7449f6729822a4bcb28b243f1",Berlin,Berlin,"10999"
"b43598ecb020bd9102bd5300da158412",Berlin,Berlin,"10717"
"d1ec0de41f804d5f75177e42fbb19a40",Berlin,Berlin,"13355"
"4f5c615ccb21f4381681665dc314fa97",Berlin,Berlin,"12157"
"9b2bfebf53118cb16b3fe02f52cd0f13",Falkensee,Berlin,"14612"
"5f78dcd285ca271e69455dd31eb535fa",Berlin,Berlin,"12526"
"acdec350913375455ff7531e590363a3",Berlin,Berlin,"12489"
"69a72393fa0a199b5517f481451ddbb8",Berlin,Berlin,"14109"
"1c21733def7efb41c12cb8b9fd8e9a21",Berlin,Berlin,"12437"
"13eeab0b10ec942216b027da2c679ea5",Berlin,Berlin,"13053"
"41c668c1fe6cad7cd41a1c8cf7c39df2",Berlin,Berlin,"12353"
"4153f87bbac9971bc10a8a3fde6cce68",Berlin,Berlin,"13597"
"98f45c7100d2f11648d64e05c417209e",Berlin,Berlin,"12045"
"7024c2ed8f4a41c9be1103515c6ec4aa",Berlin,Berlin,"10825"
"6fd4269f91410b4d0b2962bc3b983f40",Berlin,Berlin,"10827"
"8f860741a289c72a14c9c6473974c10e",Berlin,Berlin,"12047"
"c89ade9b38eb88d17a703056d7213cd1",Berlin,Berlin,"14057"
"2a92e05309b43234202596789ff6de2a",Berlin,Berlin,"13089"
"217f031c8d9690f0c2be1e550ff6b3b2",Berlin,Berlin,"12347"
"d6428dad7ca59335851f79c5a88377f1",Berlin,Berlin,"13159"
"11249bc617a910f40233acda7a11d51e",Berlin,Berlin,"12279"
"f12db853c509b86d454dab4d6b4334b3",Berlin,Berlin,"13189"
"3ab4bd57ea5112478d515322f21dd7f4",Berlin,Berlin,"12109"
"a88e56aa3003a3ce1df8e82ca8e6beae",Berlin,Berlin,"10117"
"8b41b98ab77c57961a1d82696d2c63a6",Berlin,Berlin,"10407"
"11af92313a60dd8233e079bfb52827ed",Berlin,Berlin,"12679"
"bff4c5301d1ca7c6b7c7ad8035c5635b",Berlin,Berlin,"12619"
"43004507f9b452dc867205ad5d24ca30",Berlin,Berlin,"14059"
"7ee3191cd68ad801eb0b828c6625cbef",Berlin,Berlin,"13351"
"ec45149e16b1af22d115e58399e7a27b",Berlin,Berlin,"10627"
"f2b0c59013c99dfbf42965dc5fee33fe",Berlin,Berlin,"10711"
"1a9c68ec586ecc9c451281618b86681d",Berlin,Berlin,"13503"
"515781cdcc492b24f606a91b398cfe05",Berlin,Berlin,"13589"
"467fc9e73f39ae767b5e70a00c7108df",Berlin,Berlin,"10245"
"1b02e1ef8e0309bc7d6987a96139184e",Berlin,Berlin,"10179"
"13c3a31f7269af632e62b61a6df76cef",Berlin,Berlin,"13599"
"015ac72afda60488c7353c07b8d00b9b",Berlin,Berlin,"10787"
"1e619dcb0b7d06066f2da73f46fcde1c",Berlin,Berlin,"14169"
"642c044c8f9fe761f7c79390c9a7e441",Berlin,Berlin,"12689"
"ba49bb7943926522b64b126e0ccd67ad",Berlin,Berlin,"10587"
"6dcd6f65cc1230eb9eeb5b942a65d095",Berlin,Berlin,"12101"
"80e7463b686c48fb8b9920e60b86e105",Berlin,Berlin,"12559"
"53587391ee9e69b33dc86f4d06117b4d",Berlin,Berlin,"12524"
"37be78d104f12cac47532cf4404856f6",Berlin,Berlin,"13439"
"6ed137a6cf31b7a9578479a02d7e3f8d",Berlin,Berlin,"12051"
"5bb50b2f41d566b884e7ce434916abc4",Berlin,Berlin,"13437"
"8ac91528c038596a31cadc0e9d4b27b9",Berlin,Berlin,"14193"
"daf238a150551e4e7575242a442094e9",Berlin,Berlin,"12555"
"736d190e2d7ce252160594d0dbc1be6c",Berlin,Berlin,"12351"
"bf99685270bf2ca64101c4c0b4dbf3f0",Berlin,Berlin,"14052"
"aa011f60b66e4edf02b0add2853fda52",Berlin,Berlin,"12099"
"d6ef3031da3db3016df37a46bfdef2fe",Berlin,Berlin,"10965"
"c718dbae5e83faeea1090b6590ad08dd",Berlin,Berlin,"13059"
"0ffd9d9c671a6adbb4de84f0ccb8e30a",Berlin,Berlin,"12103"
"e76a2cea900dcc7e32e1d8daa188e3ec",Berlin,Berlin,"12589"
"13acc8f6514afbe1ba851acb17418335",Berlin,Berlin,"13507"
"25611463ad3a5da2e248867aaa5150fe",Berlin,Berlin,"12209"
"baf0922316b5c2326f2f29af6f001a8c",Berlin,Berlin,"12207"
"9433c7497d2654c5d23d96a3deec51b0",Berlin,Berlin,"10709"
"06bdda34523d7c5375944476d5a2eeda",Berlin,Berlin,"10707"
"d1b2a8f4287f80c6f7d921b8b4fd1243",Berlin,Berlin,"12685"
"d68a0f9ca65b2fb19cafe1b6a85aad00",Berlin,Berlin,"10247"
"03e04642fd5772864d7258f168f75231",Berlin,Berlin,"12057"
"3e0d96084d036d80f849d8b6dd6db6ff",Berlin,Berlin,"12439"
"16f9fc74715220743416c5322da0f66d",Berlin,Berlin,"12049"
"9f414df70f73ba4b155fed47bfbf65a7",Berlin,Berlin,"10369"
"18924f23cc93484e2b58c73ab14552af",Berlin,Berlin,"10243"
"bc10757aa968490244909c2447114560",Berlin,Berlin,"12687"
"004d65f8f9c910bcd812dbf5b7f8efd9",Berlin,Berlin,"10625"
"859bfca98f85a50d0efaff62a9899776",Berlin,Berlin,"10779"
"1a228a9969a413c10e0dc8b05eecbff1",Berlin,Berlin,"12249"
"e15b97a056e0ef12be4cd24375a1eec3",Berlin,Berlin,"12307"
"633c6e876d7f58b0a26dc7b27ef41fea",Berlin,Berlin,"13057"
"05f215da3379c9f36bb6b2f7c4e2e456",Berlin,Berlin,"13088"
"824b68ab83c047eb38bcb700490bff78",Berlin,Berlin,"13593"
"6f5b702b0fff8cdc75402bfae3b85ab0",Berlin,Berlin,"13465"
"f995ab937c2de5b3b72a5d83b4bf8480",Berlin,Berlin,"10961"
"a7b037c5e07cc00cfc9ce2b7727ca48e",Berlin,Berlin,"13403"
"8ecfc4275a4ab60eb5d55f9c4bb57010",Berlin,Berlin,"10715"
"f3081d710a27d06db1d8cb9a822bf8c2",Berlin,Berlin,"10997"
"5c68d187730c5c8e387e6bd9eacbbb24",Berlin,Berlin,"12165"
"50f7f0a4b3c892f6e6dc51187756ab69",Berlin,Berlin,"13357"
"4a8d4a7635710173d88243d022861c75",Berlin,Berlin,"13581"
"5d70ec54c6664147d7e423c159fc9298",Berlin,Berlin,"13469"
"a8a4e1cfcc5d0fc3a871effdaeebed93",Berlin,Berlin,"12107"
"fbb9e7163b8bb32339db9e786ab2d949",Berlin,Berlin,"12247"
"487ab2cad7835f1f54d9086e79034c3b",Berlin,Berlin,"13129"
"128da61519fb1134cd98f2a93f495a09",Hoppegarten,Berlin,"15366"
"8cdfed4497295a7d42c7d18b3b50deb8",Berlin,Berlin,"13409"
"5826aa65030258b09d64731bc7eafa25",Berlin,Berlin,"14050"
"c6b25a4df7020522f3663f8202466780",Berlin,Berlin,"13055"
"1b3d815f9c51bbaf28d8ebd682a9992b",Berlin,Berlin,"10115"
"a8c524e896db1b2b639cad2dba4eb4f0",Berlin,Berlin,"10589"
"59c239266c3c47112657b44503b3cbfb",Berlin,Berlin,"10555"
"e014328ee3dbdc4b9d7c526f7009c2a0",Berlin,Berlin,"12163"
"a4459b9763d706d2d50e07a3cfed7f92",Berlin,Berlin,"10781"
"3b0e1019823262c529bac715697a90c7",Berlin,Berlin,"10823"
"b51496e13d3597137a90be9b5aa13bfe",Berlin,Berlin,"13585"
"783a15c6d9d3cd6b6f903db5820dd23b",Berlin,Berlin,"10783"
"76a2acde41a791fdc3cf683ff843d3d4",Berlin,Berlin,"12623"
"b171fdd1efbf8267389a59ad8135b01a",Berlin,Berlin,"13347"
"67e95031f231c07100e26fa4cfe051eb",Berlin,Berlin,"12527"
"74bb182e6c1608a42418193203686a65",Berlin,Berlin,"13505"
"572996a0c2c015d80041b6df1480f5ae",Berlin,Berlin,"10557"
"9aadc56bc08746308d722e7b5f6d52e4",Berlin,Berlin,"10409"
"6e140527f82e6d87145555c10ffe6edd",Berlin,Berlin,"10719"
"0e851f87285c335d33b9926a281313e8",Schöneiche,Berlin,"15566"
